audit_idx,audit_dir,heading,disposition,author,commits,addressed_slugs
2,"2026-08-03-18-m10-query-yg","2026-08-03 — Harden YAML emission and mutation metadata","fixed","Clay Loveless and Codex","1cf84ed8f45530e2e76a490b1bc8506c4011d3b6","flow-context-plain-scalar-injection;alias-metadata-survives-mutation-dropping-edits;emitter-quoting-ignores-active-schema;json-nonstring-keys-collide;plain-scalar-control-characters;stale-raw-metadata-after-string-splice"
2,"2026-08-03-18-m10-query-yg","2026-08-03 — Make in-place editing staged and conservative","fixed","Clay Loveless and Codex","1cf84ed8f45530e2e76a490b1bc8506c4011d3b6","in-place-empty-output-truncates-file;in-place-replaces-symlinks-and-drops-ownership;in-place-multi-file-partial-application;slurp-silently-per-file-under-in-place;in-place-with-from-file-rejected-by-clap"
2,"2026-08-03-18-m10-query-yg","2026-08-03 — Enforce resource limits through evaluation and emission","fixed","Clay Loveless and Codex","1cf84ed8f45530e2e76a490b1bc8506c4011d3b6","yaml-bomb-materialized-by-emitters;filter-constructed-values-recurse-without-depth-bound;map-index-allocates-directly-from-untrusted-index;fromjson-ignores-configured-limits"
2,"2026-08-03-18-m10-query-yg","2026-08-03 — Stabilize query process behavior","fixed","Clay Loveless and Codex","1cf84ed8f45530e2e76a490b1bc8506c4011d3b6","null-input-still-blocks-on-stdin;stdout-epipe-becomes-runtime-error;halt-prints-a-spurious-error-line;runtime-errors-drop-document-and-file-identity"
2,"2026-08-03-18-m10-query-yg","2026-08-03 — Correct query-path exit classifications","mitigated","Clay Loveless and Codex","1cf84ed8f45530e2e76a490b1bc8506c4011d3b6","exit-code-mapping-diverges-from-spec"
2,"2026-08-03-18-m10-query-yg","2026-08-03 — Complete process exit classification","fixed","Clay Loveless and Codex","a3a473909b28f3d5aa5cc2f473cf1866a7e12795","exit-code-mapping-diverges-from-spec"
2,"2026-08-03-18-m10-query-yg","2026-08-03 — Add data-safe filter parameters and sandbox policy","fixed","Clay Loveless and Codex","a3a473909b28f3d5aa5cc2f473cf1866a7e12795","no-argument-binding-forces-filter-concatenation;env-filter-registered-unconditionally"
2,"2026-08-03-18-m10-query-yg","2026-08-03 — Stabilize the public value and evaluation contracts","fixed","Clay Loveless and Codex","a3a473909b28f3d5aa5cc2f473cf1866a7e12795","no-public-read-access-to-yamlval;input-meta-refcell-races-with-input-lookahead;integer-only-indexing-diverges-from-equal-float-values;run-filter-signature-overconstrains-callers"
2,"2026-08-03-18-m10-query-yg","2026-08-03 — Retain the single-threaded value representation","accepted","Clay Loveless and Codex","a3a473909b28f3d5aa5cc2f473cf1866a7e12795","rc-makes-value-model-non-send"
2,"2026-08-03-18-m10-query-yg","2026-08-03 — Remove emitter allocation hot spots","fixed","Clay Loveless and Codex","a3a473909b28f3d5aa5cc2f473cf1866a7e12795","yaml-inline-emitter-string-per-node;needs-quotes-copies-every-scalar-it-inspects;emitter-anchor-table-is-a-linear-scanned-vec"
2,"2026-08-03-18-m10-query-yg","2026-08-03 — Bound normal query input materialization per file","mitigated","Clay Loveless and Codex","a3a473909b28f3d5aa5cc2f473cf1866a7e12795","query-cli-materializes-all-inputs-before-filtering"
2,"2026-08-03-18-m10-query-yg","2026-08-03 — Close the documented conformance gaps","fixed","Clay Loveless and Codex","a3a473909b28f3d5aa5cc2f473cf1866a7e12795","alias-audit-skips-mapping-keys;regex-is-not-pcre"
2,"2026-08-03-18-m10-query-yg","2026-08-03 — Align release and dependency policy with the actual jaq API","fixed","Clay Loveless and Codex","a3a473909b28f3d5aa5cc2f473cf1866a7e12795","release-check-runs-cargo-deny-without-config;jaq-trait-coupling-outruns-version-constraint;unused-dev-dep-pretty-assertions"
3,"2026-08-03-21-m10-fresh","2026-08-03 — Unsafe YAML tag replay rejected","fixed","Codex","b7282b6c1d7f23199b756739d1cb18a576abba17","emitter-replays-tags-verbatim"
3,"2026-08-03-21-m10-fresh","2026-08-03 — Alias materialization bounded","mitigated","Codex","e95ce8b19b087d84a08ba63d77d587e799600608","explode-aliases-unbounded-expansion"
3,"2026-08-03-21-m10-fresh","2026-08-03 — Runtime value display bounded","fixed","Codex","133bf2cb994f50558919505d1452d895554637f3","explode-aliases-unbounded-expansion"
3,"2026-08-03-21-m10-fresh","2026-08-03 — Scalar text allocation shared","fixed","Codex","f236453974b937c6fb15e7a12774ba6f209db3f8","build-raw-metadata-duplicates-every-scalar"
3,"2026-08-03-21-m10-fresh","2026-08-03 — Extended control characters escaped","fixed","Codex","26c243fcf8c045277e4dbb43c28034c8e93d96b2","emitter-omits-c1-control-escapes"
3,"2026-08-03-21-m10-fresh","2026-08-03 — YAML document markers quoted","fixed","Codex","ba9243024ad96c1d35d7a8aadf25ffedf09e728e","emitter-plain-document-end-marker"
3,"2026-08-03-21-m10-fresh","2026-08-03 — Runtime value growth bounded","fixed","Codex","ac28cf65681e061f5adbc672ff6fa49992b9908a","growth-operators-bypass-runtime-limits"
3,"2026-08-03-21-m10-fresh","2026-08-03 — `tostring` failures propagated","fixed","Codex","9de9e1726507a664f9e5709a0f7a5bd5b618c5c0","into-string-substitutes-error-text-as-data"
3,"2026-08-03-21-m10-fresh","2026-08-03 — Input error classes preserved","fixed","Codex","80fe53bbc81781ec3a3f50ec84990a29b592f876","input-error-class-flattened-through-string"
3,"2026-08-03-21-m10-fresh","2026-08-03 — Resulting value depth enforced","fixed","Codex","288d13136722771894dace707ba6ae29eb434605","value-tree-recursion-has-no-depth-bound"
3,"2026-08-03-21-m10-fresh","2026-08-03 — Strict depth CLI contract aligned","fixed","Codex","b212751d5417339f308cf1ce5f747b90e3ad1cfc","value-tree-recursion-has-no-depth-bound"
3,"2026-08-03-21-m10-fresh","2026-08-03 — CLI output buffered","fixed","Codex","6be2063a16b0d4fc43354b3f58866ed4aa011005","cli-output-is-unbuffered"
3,"2026-08-03-21-m10-fresh","2026-08-03 — JSON emitter allocations reduced","fixed","Codex","ca7c2e8f28ae20d39449974af5266479bd682984","json-emitter-allocates-indent-and-triple-allocates-keys"
3,"2026-08-03-21-m10-fresh","2026-08-03 — Uncolored YAML scalar copies removed","fixed","Codex","4246b2821012818c593616e24d3bd40b37f3137c","yaml-emitter-paint-copies-every-scalar-when-color-is-off"
3,"2026-08-03-21-m10-fresh","2026-08-03 — YAML boolean extraction distinguished","fixed","Codex","b330d75ab54e5c8105b378dc3dff77723a6be39f","as-bool-inherent-shadows-jaq-truthiness"
3,"2026-08-03-21-m10-fresh","2026-08-03 — Value storage representation sealed","fixed","Codex","7e9d425c13bf2cccbfa27f0e7bee575371ee2cef","internal-value-representation-is-public"
3,"2026-08-03-21-m10-fresh","2026-08-03 — Query execution state borrowed","fixed","Codex","3dddc26af8b0d3399d4b253a9892caa381e44b10","run-records-static-bound-forces-clones"
3,"2026-08-03-21-m10-fresh","2026-08-03 — Query output options typed","fixed","Codex","34dd75cd5502bcdd483dd7b5472e132c47019066","three-bool-parameters-at-command-boundary"
3,"2026-08-03-21-m10-fresh","2026-08-03 — Librebar features explicitly scoped","fixed","Codex","57e207a2122d71b8982e6deb945d24c770033f48","librebar-default-features-not-disabled"
3,"2026-08-03-21-m10-fresh","2026-08-03 — Config parser swap bounded by publication","deferred","Codex","05587d99111d54aaa1d7940d8a7cac1a74e43d32","yg-ships-competing-yaml-parser-for-its-own-config"
3,"2026-08-03-21-m10-fresh","2026-08-04 — Jaq time cost explicitly accepted","accepted","Codex","3d6eab9be30e026275a05726147429907846961b","jaq-std-time-feature-bundles-tzdb"
3,"2026-08-03-21-m10-fresh","2026-08-04 — Native JSON parsing enforced","fixed","Codex","c3f59d353bc26bf83e42232c8cbc67f12d4e8f7c","serde-json-redundant-in-yaml-native-engine"
3,"2026-08-03-21-m10-fresh","2026-08-04 — Runtime constructor limits pinned","fixed","Codex","94c7bb0eb645313ae1145fb2960a8e6aaf9591ca","runtime-limits-cover-three-call-sites"
3,"2026-08-03-21-m10-fresh","2026-08-04 — Environment access made optional","fixed","Codex","5ce4cad5a95d30dfe8e6f89dbac89ed15c27414d","env-access-always-compiled-in"
3,"2026-08-03-21-m10-fresh","2026-08-04 — Halt exit-code wraparound removed","fixed","Codex","ab1ce0ee026afdfa8377876f0e81d2876df70cbc","halt-exit-code-truncated-to-u8"
3,"2026-08-03-21-m10-fresh","2026-08-04 — Builder invariants typed separately","fixed","Codex","9def9495dc887f8775b4fbbbc1f769902d79064e","build-invariant-errors-labeled-as-limit"
3,"2026-08-03-21-m10-fresh","2026-08-04 — In-place ownership denial made nonfatal","fixed","Codex","f398ce260a9b0dc1232f129a1c6f7673c2c4374d","in-place-chown-failure-aborts-the-edit"
3,"2026-08-03-21-m10-fresh","2026-08-04 — Unreachable contracts documented","fixed","Codex","f1ee264820ff8b17a8c033153e133a163204d129","unreachable-macros-guard-unstated-invariants"
3,"2026-08-03-21-m10-fresh","2026-08-04 — Unsorted mapping entries borrowed","fixed","Codex","706e502a93d69f8bff93c280163a00d7da7ce1a9","mapping-entries-collected-into-vec-per-emit"
3,"2026-08-03-21-m10-fresh","2026-08-04 — Emit validation anchor copies removed","mitigated","Codex","bd1d8c7ad66d0567c97affa2f54b80e58f65d0be","emit-validation-walks-the-tree-a-second-time"
3,"2026-08-03-21-m10-fresh","2026-08-04 — Shallow mappings dropped directly","fixed","Codex","14d48c002a0e445916b6b1692f3f94429b3310e1","ygmap-drop-allocates-a-vec-per-mapping"
3,"2026-08-03-21-m10-fresh","2026-08-04 — Substring copies reduced","fixed","Codex","9eed0ed9f7db566101b89354e1d17f2a14e10b11","substring-values-are-allocated-twice"
3,"2026-08-03-21-m10-fresh","2026-08-04 — Slice-bound key allocation removed","fixed","Codex","46623d17342cd096845b0dc0bda309b6f16c55ef","slice-bound-keys-allocated-on-every-index"
3,"2026-08-03-21-m10-fresh","2026-08-04 — Document-at-a-time parsing exposed","mitigated","Codex","75d86e9a3c9346563775d8468bdb95488919a14d","cli-materializes-every-document-in-a-file-before-emitting"
3,"2026-08-03-21-m10-fresh","2026-08-04 — Mapping keys iterator made concrete","fixed","Codex","15f232cfc6ca275ba9fd3b8fc3ebe081ca58f523","keys-returns-boxed-trait-object"
3,"2026-08-03-21-m10-fresh","2026-08-04 — Output format connected to emitter dispatch","fixed","Codex","e1b50b813f2851716eb3e47232e7ec15f21918f3","emit-opts-mixes-emitter-specific-options"
3,"2026-08-03-21-m10-fresh","2026-08-04 — Public query API made non-exhaustive","fixed","Codex","9362fa058d9c7c9cb5fe4009819d58d7947df09a","public-enums-lack-non-exhaustive"
3,"2026-08-03-21-m10-fresh","2026-08-04 — Resolver string predicate contract defined","fixed","Codex","1648144f4dec416bdbc29b0fb2ad1a6e4bf75e89","resolves-as-string-overrides-restate-resolution"
3,"2026-08-03-21-m10-fresh","2026-08-04 — Canonical color CLI specified","fixed","Codex","ff48ac36392d89e7f77c339c3b6c2998712dcc15","yg-color-flags-replaced-without-spec-amendment"
3,"2026-08-03-21-m10-fresh","2026-08-04 — Sandboxed compilation made discoverable","fixed","Codex","6ae38cd46d55d3b1f6637793181f0a2a9aa69f37","sandboxed-compile-options-unreachable-from-cli"
3,"2026-08-03-21-m10-fresh","2026-08-04 — Deferred M10 spec surfaces identified","fixed","Codex","4bc9c01ce259fb03c58f4abf087276269af9e8b7","spec-features-deferred-while-spec-text-still-promises-them"
3,"2026-08-03-21-m10-fresh","2026-08-04 — Resolved type alias explained","fixed","Codex","c72115ebd980e1d252c81f0d41bb2e8fffa6a223","resolved-type-is-an-exact-alias-of-type"
3,"2026-08-03-21-m10-fresh","2026-08-04 — In-place exclusions documented","fixed","Codex","d56948ccc34f135f3bf52ef643dac52b81fdbb61","in-place-conflicts-diverge-from-plan-undocumented"
3,"2026-08-03-21-m10-fresh","2026-08-04 — Subcommand filter shadowing documented","fixed","Codex","e5ef90079f15a25affe5db9c90bd1c194d28f0a9","subcommand-name-shadowing-not-documented-in-help"
3,"2026-08-03-21-m10-fresh","2026-08-04 — jaq patch updates admitted","fixed","Codex","7abe27b359088e578587103627d277e322bef66d","jaq-exact-pins-block-patch-updates"
3,"2026-08-03-21-m10-fresh","2026-08-04 — Librebar trust boundary recorded","mitigated","Codex","b47ae9036fb85bf9336a060559b5cb120092abd9","librebar-upgrade-expands-trust-boundary"
3,"2026-08-03-21-m10-fresh","2026-08-04 — Compiler-derived unsafe census added","fixed","Codex","9b93bd5df70bf5d7012f64456f62cd9f5bda76d8","geiger-census-produced-no-unsafe-data"
3,"2026-08-03-21-m10-fresh","2026-08-04 — Cargo Deny feature graph aligned","fixed","Codex","e60427ec4b20dd21f0488817bfdb3370d5898fa2","deny-advisory-ignore-matches-only-under-all-features"
4,"2026-08-04-16-m10-post-remediation","2026-08-06 — Default composition bounded","fixed","Codex","809f867b90dac17d34f43d30309331fbafa4abb0","composer-default-path-has-unbounded-recursion"
4,"2026-08-04-16-m10-post-remediation","2026-08-06 — Serde defaults bounded","fixed","Codex","0c18a346c54ac3a001762562301ef1adfe48c0a2","serde-default-disables-loader-limits"
4,"2026-08-04-16-m10-post-remediation","2026-08-08 — CST construction and traversal bounded","fixed","Codex","5a71b87c590c1fbdd72dbe233d9965959f1f0c78","cst-recursive-traversals-have-no-depth-bound"
4,"2026-08-04-16-m10-post-remediation","2026-08-08 — Scalar mapping operations indexed","fixed","Codex","549fa0e6bd50262ee1bb7ba5065a1eefb5850a44","composer-mapping-insertion-is-quadratic;borrowed-value-get-allocates-key"
4,"2026-08-04-16-m10-post-remediation","2026-08-08 — Alias materialization size bounded","fixed","Codex","f064f64656937f8d4e378a7e4518c5c4a94113bb","composer-alias-deep-clone-is-size-unbudgeted"
4,"2026-08-04-16-m10-post-remediation","2026-08-08 — Parser span probes preserve scanner errors","fixed","Codex","a4de07e4b02f6522b37d3cab7a99f842d31f07a2","flow-pair-finalization-swallows-scanner-errors"
4,"2026-08-04-16-m10-post-remediation","2026-08-08 — CST recovery diagnostics retained","fixed","Codex","8c8e88646e5db1cf5593ae356a5d751bfe218547","cst-discards-parse-error"
4,"2026-08-04-16-m10-post-remediation","2026-08-08 — Serde reader I/O errors preserved","fixed","Codex","ada1c434113bda59da03d6640145b5c9e7a10098","from-reader-erases-io-errors"
4,"2026-08-04-16-m10-post-remediation","2026-08-08 — Configuration schema enforced","fixed","Codex","acd88bc19bc0cb8e332ddd4286ed39268b88362d","config-template-advertises-silently-ignored-settings"
4,"2026-08-04-16-m10-post-remediation","2026-08-08 — Indentless sequence spans made synthetic","fixed","Codex","f0bf38f4adcad0e8f07ce62b86e6e502a6de75dc","lossless-cst-corrupts-eight-valid-flow-documents"
4,"2026-08-04-16-m10-post-remediation","2026-08-08 — Resolver middleware exposed across consumers","fixed","Codex","99d1983099cf6c5cf02c15fa4ddb275d27d1fdf5","resolver-middleware-cannot-reach-most-documented-consumers"
4,"2026-08-04-16-m10-post-remediation","2026-08-08 — Query builder subtree heights cached","fixed","Codex","6ffeac4ef775036eefedbec282643adb6013a105","query-builder-rewalks-every-completed-node"
4,"2026-08-04-16-m10-post-remediation","2026-08-08 — Serde peek clones removed","fixed","Codex","fd023914d307b0e1cb2a218622afa9cb916ac7f1","serde-peek-clones-owned-event"
4,"2026-08-04-16-m10-post-remediation","2026-08-08 — Borrowed tag resolvers accepted","fixed","Codex","7097b1340e1a104dee890989ccdab6fdbff7f621","custom-tag-resolver-requires-static"
4,"2026-08-04-16-m10-post-remediation","2026-08-08 — Mapping iteration standardized","fixed","Codex","e24479a23bfeeb8dc04d8cba28a81ccb19f79e61","mapping-omits-intoiterator"
4,"2026-08-04-16-m10-post-remediation","2026-08-08 — Mapping default derived","fixed","Codex","729f59bac3069ab88e5382675c22f16db409e21e","mapping-default-manually-matches-derive"
4,"2026-08-04-16-m10-post-remediation","2026-08-08 — Stream comparisons zipped","fixed","Codex","0a6a61d37af58a12b9f66c4a78f421901547a9ab","compare-streams-use-index-loops"
4,"2026-08-04-16-m10-post-remediation","2026-08-08 — Collection targets made explicit","fixed","Codex","e9dc31e2248652282794d79513434806e360f5b6","with-variables-collect-target-inferred"
4,"2026-08-04-16-m10-post-remediation","2026-08-08 — Unhandled resolution policy rejected","fixed","Codex","37738175ffa35aca0ded64b83763fc1b2764d9b5","loader-resolution-policy-is-entirely-unwired"
4,"2026-08-04-16-m10-post-remediation","2026-08-08 — Multi-document example compiled","fixed","Codex","28af252aab5892420c63aeaacbeda267f5bbfcf0","multidocument-rustdoc-example-is-never-compiled"
4,"2026-08-04-16-m10-post-remediation","2026-08-08 — Identity paths materialized on demand","fixed","Codex","c40f99da91299b1565bea3c82f87ba47be61d494","identity-inventory-allocates-path-node-per-map-key"
4,"2026-08-04-16-m10-post-remediation","2026-08-08 — String ranges sliced once","fixed","Codex","eb575bf55a4c5619bb75f289c3d02510b55ccb56","string-range-retains-intermediate-string"
4,"2026-08-04-16-m10-post-remediation","2026-08-08 — Parser resolver upstreams specialized","fixed","Codex","4cb060b6047530da7f2083a7500318b5b972e9e7","parser-consumers-erase-concrete-hot-path-types"
4,"2026-08-04-16-m10-post-remediation","2026-08-08 — Scanner diagnostics isolated from the hot path","fixed","Codex","c44116a83f684c3ba547f1342b9aa4e64d3a5d36","scanner-error-branches-remain-in-hot-functions"
4,"2026-08-04-16-m10-post-remediation","2026-08-08 — Unused xtask dependencies removed","fixed","Codex","804fcd3dbc3b8bdaaceda005ec12658b97e9d723","xtask-unused-serde-and-toml"
4,"2026-08-04-16-m10-post-remediation","2026-08-08 — YAMLStar benchmark peer retired","fixed","Codex","c3cc09a0be1f82f7581f8dbd378fecc68e9df755","yamlstar-pulls-unmaintained-dlopen-derive"
5,"2026-08-08-15-m10-fresh","2026-08-08 — Reject invalid tree scalar styles","fixed","Codex","b8c97e6752bcdbb0c525facbf4a80c3b35778ffc","compare-tree-parser-panics-on-nonascii-style"
5,"2026-08-08-15-m10-fresh","2026-08-08 — Guard explicit indentation boundaries","fixed","Codex","a2850ffebcee0dbadaa9e3be0d303792ae177af1","test-suite-extractor-slices-inside-unicode-indentation"
5,"2026-08-08-15-m10-fresh","2026-08-08 — Enforce dependency policy for the fuzz graph","fixed","Codex","9d008a116bdd59b92baaf39393b2c8c8c3e56f48","fuzz-workspace-escapes-dependency-policy"
5,"2026-08-08-15-m10-fresh","2026-08-08 — Preserve structured resource-limit failures","fixed","Codex","543b5380ced8633dbc4983b5108d4326df0b8064","resource-limit-checks-return-unstructured-strings"
5,"2026-08-08-15-m10-fresh","2026-08-08 — Preserve scalar presentation metadata","fixed","Codex","b9d2407d0ae9c0ecd47b213be5989f880c888d1e","scanner-never-populates-atom-presentation-metadata"
6,"2026-08-09-13-m11-final-review","2026-08-09 — close URI selector dispatch gaps","fixed","Codex","88ab70284a75e95b5c0b0eafed4d04d7e5c205a1","scheme-relative-ref-becomes-local-file"
6,"2026-08-09-13-m11-final-review","2026-08-09 — seal and share resource identities","fixed","Codex","cf58f50f7b3500d847c015d684f5a8a35572fb44","resource-id-public-variants-bypass-canonical-invariants"
6,"2026-08-09-13-m11-final-review","2026-08-09 — harden filesystem retrieval and discovery","fixed","Codex","ac64840f59559fb6b27c102086771683f85abb01","file-policy-checks-race-path-reopen"
6,"2026-08-09-13-m11-final-review","2026-08-09 — isolate imported anchor namespaces","fixed","Codex","d97476db33f07eb3bce4a7ec9f9bd7dcec2f193d","imported-anchor-prefix-can-collide-with-root"
6,"2026-08-09-13-m11-final-review","2026-08-09 — preserve query resolution semantics","fixed","Codex","714054a8e3a59772cff93e82d154b4632428b04c","run-local-resolution-keys-collide-across-contexts"
6,"2026-08-09-13-m11-final-review","2026-08-09 — make resolution reports complete and safe","fixed","Codex","b268c711fcc30795a75b2e925a1d3490885aacf4","automatic-resolution-failure-discards-report"
6,"2026-08-09-13-m11-final-review","2026-08-09 — index include mapping merges","fixed","Codex","735fc3e605da71a719208bc23ddfbbd97eccecec","include-mapping-merge-is-quadratic"
6,"2026-08-09-13-m11-final-review","2026-08-09 — remove the resolver's unused scanner edge","fixed","Codex","cd5a64d5f7c1d4f23308f75ca2cc68f9a73081b3","resolver-directly-depends-on-unused-scanner"
7,"2026-08-09-1537-m11-post-remediation","2026-08-09 — Unify Resolver Policy Boundaries","fixed","Codex","949ee80fce7d50ce14cd1974181cd6aca6aaedb8","relative-includes-can-retrieve-non-file-schemes"
7,"2026-08-09-1537-m11-post-remediation","2026-08-09 — Bound Session Cache and Discovery Work","fixed","Codex","003c97c373b5737f974ebc2b26cf9192904ec0da","resolution-cache-bypasses-session-byte-budget"
7,"2026-08-09-1537-m11-post-remediation","2026-08-09 — Preserve Reports and Caught Errors","fixed","Codex","d40ded1b0f145718873899a01c1d7ab21931c294","caught-resolution-errors-accumulate-until-run-end"
7,"2026-08-09-1537-m11-post-remediation","2026-08-09 — Make Query Resolution Walks Stack Safe","fixed","Codex","3647cb1a742e19ef79d7f77d3000cd2ead12b608","resolved-owned-tree-conversion-remains-recursive"
7,"2026-08-09-1537-m11-post-remediation","2026-08-09 — Closure Verification","","","",""
8,"2026-08-11-07-m12-full-repo","2026-08-11 — Preserve leading document-marker semantics","fixed","Codex","1b3b14b726f37941c203c8847c026475aac38a12","leading-document-marker-shifts-lsp-document-indexes"
8,"2026-08-11-07-m12-full-repo","2026-08-11 — Resolve sequence-item schema context","fixed","Codex","69ea147b3c89544a8153d034c03abfb01e906fe8","sequence-item-schema-context-is-unreachable"
8,"2026-08-11-07-m12-full-repo","2026-08-11 — Align Ropey line boundaries with LSP","fixed","Codex","53da91348fd819edbf437d1287d35048a24db1ec","ropey-unicode-lines-desynchronize-lsp-positions"
8,"2026-08-11-07-m12-full-repo","2026-08-11 — Render schema examples in hover","fixed","Codex","ef26ca4b44d7b9515ff444c421a4aa626ee4a1a1","documented-example-hover-is-not-implemented"
8,"2026-08-11-07-m12-full-repo","2026-08-11 — Make LSP request cancellation responsive","fixed","Codex","8f5e87ff44ed9d539dd5ca3f29a2fd982a06897c","lsp-cancellation-cannot-interrupt-work-and-retains-request-ids"
8,"2026-08-11-07-m12-full-repo","2026-08-11 — Preserve stdio failures without blocking on input","fixed","Codex","f4d4ba7a4000c12f65b5dd5e304dfdf02557dce6","stdio-error-path-can-hang-joining-reader"
8,"2026-08-11-07-m12-full-repo","2026-08-11 — Surface definition resource failures","fixed","Codex","56ff7a46da10d80e6f7c58036e5f46d81623c08c","lsp-definition-resource-errors-erased"
8,"2026-08-11-07-m12-full-repo","2026-08-11 — Preserve schema validator cache identity","fixed","Codex","4911f5714c297e3d65a296356013a2e332fb9c5f","schema-validator-cache-key-erases-identity-and-options"
8,"2026-08-11-07-m12-full-repo","2026-08-11 — Bound native schema instance depth","fixed","Codex","8e3425f2751b101cc9ddd9799b8669b4c47032a8","schema-native-adapter-unbounded-recursion"
8,"2026-08-11-07-m12-full-repo","2026-08-11 — Bound schema diagnostic work","fixed","Codex","ad9668ea3c5fb949f0b7aea4eb9b464aed9ea9e3","schema-diagnostic-cap-does-not-bound-work"
8,"2026-08-11-07-m12-full-repo","2026-08-11 — Release the schema session lock during loads","fixed","Codex","60c143d8a6df70f1720e1a173ec0263d2ee2e2d3","schema-session-holds-global-lock-across-retrieval"
8,"2026-08-11-07-m12-full-repo","2026-08-11 — Share cached schema document handles","fixed","Codex","d07192d8a82e4f0de53dab6e5cbba32ae0c2e4e2","schema-session-cache-clones-located-documents"
8,"2026-08-11-07-m12-full-repo","2026-08-11 — Precompile schema navigation patterns","fixed","Codex","bdded7d00e8af192932a5d4ef15a0b14537a0af0","schema-navigation-recompiles-patterns-per-request"
8,"2026-08-11-07-m12-full-repo","2026-08-11 — Normalize recovery spans in one pass","fixed","Codex","fec2f80fdf4bc32d6c0ef67627dd714f39e9fa60","recovering-cst-span-normalization-is-quadratic"
8,"2026-08-11-07-m12-full-repo","2026-08-11 — Batch editor snapshot rebuilds","fixed","Codex","660a8a4a838d0df8222dca83e16d3e28c94fe75d","lsp-didchange-rebuilds-full-document-stages"
8,"2026-08-11-07-m12-full-repo","2026-08-11 — Index diagnostic positions per document version","fixed","Codex","75b67d2e87ac1745b5f365cf0ba29a228abf334c","lsp-diagnostic-positioning-recopies-source"
8,"2026-08-11-07-m12-full-repo","2026-08-11 — Enforce located-value tree shape","fixed","Codex","528edd0be8e61007163482788e4f75506cb63bf5","located-value-allows-invalid-parallel-shapes"
8,"2026-08-11-07-m12-full-repo","2026-08-11 — Separate value-only composition state","fixed","Codex","2a0fae5ea93ec986eb6b59936c727842eab17911","located-composition-clones-location-subtrees"
8,"2026-08-11-07-m12-full-repo","2026-08-11 — Surface HTTP worker panics","fixed","Codex","7fb0133e285a1c0ce352ef279d63941bf112a17e","http-worker-panic-result-discarded"
8,"2026-08-11-07-m12-full-repo","2026-08-11 — Defer Librebar Tokio feature split","deferred","Codex","","librebar-http-enables-unused-tokio-subsystems"
8,"2026-08-11-07-m12-full-repo","2026-08-11 — Correct Librebar Tokio split target","deferred","Codex","","librebar-http-enables-unused-tokio-subsystems"
9,"2026-08-12-10-m13-release-candidate","2026-08-12 — Reject stale in-place replacements","fixed","Codex","9be16aa1a8a27a8a9771c31a2f4f3bc5b3d339bb","in-place-rename-overwrites-concurrent-source-change"
9,"2026-08-12-10-m13-release-candidate","2026-08-12 — Package the actual CLI executable","fixed","Codex","ac51f748492cd1fedb198362332c2245a33bfca7","tagged-release-copies-nonexistent-binary"
9,"2026-08-12-10-m13-release-candidate","2026-08-12 — Align every distribution wrapper with `yg`","fixed","Codex","0d66fcf9aa0b3892d26e5aa6f4691c8de93765ea;16d965f8de915b0362c7e7d46e8d2fb266ef5212;830b114d39ae22e8afc3b12eca96b442cb3f4d7c","distribution-wrappers-target-old-executable"
9,"2026-08-12-10-m13-release-candidate","2026-08-12 — Enforce output limits before indentation work","fixed","Codex","b3cbae4405079a55bc335c2f52cd89768bb076c7","emitter-fragment-indent-allocates-before-limit-check"
9,"2026-08-12-10-m13-release-candidate","2026-08-12 — Reject nested schema-session loads","fixed","Codex","9abcce179103d3761b34fd5dc8ffbcf7b31314a0","cross-key-schema-reentry-deadlock"
9,"2026-08-12-10-m13-release-candidate","2026-08-12 — Single-flight validator compilation","fixed","Codex","93d385062c4ffb3a34ea28176b24da48320683f0","validator-cache-miss-double-charges-schema-budget"
9,"2026-08-12-10-m13-release-candidate","2026-08-12 — Keep immediate emitter events borrowed","fixed","Codex","6332704c4e5215c1d7041680cedd202996928a16","emitter-forces-borrowed-events-owned"
9,"2026-08-12-10-m13-release-candidate","2026-08-12 — Stream plain scalar bytes directly","fixed","Codex","58e9cee001ecadd5c014bece9e5df63c8fed943d","emitter-plain-scalars-use-scratch-buffer"
9,"2026-08-12-10-m13-release-candidate","2026-08-12 — Index splice source identities once","fixed","Codex","e5213eb8ddd2ac8de93f34cd8e2eb198230ec3de;12276521b1c9d57a8f4c75ef07f65b8af4538b12;e563eaac1dbe21893c2d381a2ffa492e8140fe6d","splice-mapping-origin-search-is-quadratic"
9,"2026-08-12-10-m13-release-candidate","2026-08-12 — Defer post-0.1 optimization work","deferred","Codex","","core-value-emission-collects-every-mapping"
10,"2026-08-12-15-m13-post-remediation","2026-08-12 — Account JSON output before allocation","fixed","Codex","48f33888660aa8cb16edef270f4413eb20ce9ebd;c61c4183ce9c10ec249653c9d51a7b94f1e0e8c1","json-renderer-allocates-before-output-limit"
10,"2026-08-12-15-m13-post-remediation","2026-08-12 — Share compiled schema cores across diagnostic caps","fixed","Codex","1bd361316c806752ad9e225e057786552fd42da1;999013176c9e91d1909a4fe24bde9a6c79370da0","validator-single-flight-splits-shared-graph-budget-by-diagnostic-cap"
10,"2026-08-12-15-m13-post-remediation","2026-08-12 — Merge CST trivia exclusions in source order","fixed","Codex","8105a088c834f841b1987072b4ca556bfda53aff","cst-layout-trivia-rescans-every-excluded-range"
10,"2026-08-12-15-m13-post-remediation","2026-08-12 — Run and enforce every fuzz campaign target","fixed","Codex","d183fe1;edfe4a9;d64cc6c","fuzz-all-skips-m13-output-targets"
10,"2026-08-12-15-m13-post-remediation","2026-08-12 — Defer bounded optimization work","deferred","Codex","","schema-preflight-builds-diagnostics-on-success"
11,"2026-08-12-17-m13-final-verification","2026-08-12 — Meter JSON validation reports before stdout","fixed","Codex","0dbf94e89c83ed6838316f6a07a3651dd6b0edd4","validate-json-bypasses-output-byte-limit"
11,"2026-08-12-17-m13-final-verification","2026-08-12 — Account transformed YAML scalars before scratch work","fixed","Codex","70661bc805969c05a72b996d57e230ea8e38216a;bc5e9855beeede89bc4b460c28be0e3527080ace","emitter-transformed-scalars-allocate-before-output-accounting"
11,"2026-08-12-17-m13-final-verification","2026-08-12 — Refresh dependent LSP documents after schema edits","fixed","Codex","613fe391a93ac5abea7bba0235557a345aa1fec5;8c7a76171b66b28cbfe3738c57f2144d85ad6271;00cb884b0f5718667e99cc38e14eed4a1a3bbe30;6aa46c8fa2522931c181f36e39f50bfd3c5a2691;fc8988f907c76097c5c5881374b78691ccb0d479;87a7d1f74b9b51ba2207a7433c9babd660713f77","lsp-schema-edits-never-invalidate-dependent-validation"
11,"2026-08-12-17-m13-final-verification","2026-08-12 — Defer bounded M14 optimizations","deferred","Codex","","schema-preflight-builds-diagnostics-on-success"
12,"2026-08-12-20-m13-release-closure","2026-08-12 — Describe the complete Serde adapter","fixed","Codex","af6070dd3944a6cb9a06cc83961eaadf035539e8","serde-package-description-omits-serializer"
12,"2026-08-12-20-m13-release-closure","2026-08-12 — Carry bounded optimization work into M14","deferred","Codex","","schema-preflight-builds-diagnostics-on-success"
13,"2026-08-14-m14-release-closure","2026-08-15 — Canonical schema aliases joined one load flight","fixed","Codex","614c8e8cf31b85a0c3ccf7a39f79488e709d012b;eea40940992551eec94ec599521ee124d0c2ce1e","canonical-schema-aliases-bypass-load-single-flight"
13,"2026-08-14-m14-release-closure","2026-08-15 — Include fingerprints stopped paying a second hash","fixed","Codex","979966b32691cbd103e039b47406476baab11db9","include-key-index-rehashes-randomized-fingerprints"
13,"2026-08-14-m14-release-closure","2026-08-15 — Local CST validation became document-bounded","fixed","Codex","78e178b4a1421d9c503afd525ea00f2390083236","local-cst-edits-still-scan-whole-stream"
14,"2026-08-15-0328-m14-release-closure","2026-08-15 — Failed schema loads retain their canonical dependency","fixed","Codex","0a9ba8178513ff244841c8da2eeb5605634048d8;21e6d2857d4e0bfa8e6e00ca8f5dec9ccca9fab0","generic-schema-retrieval-failure-drops-canonical-dependency"
14,"2026-08-15-0328-m14-release-closure","2026-08-15 — Local CST recovery checks became constant-time","fixed","Codex","8a3383dc38d7993f001b7da4809ace63bab724f3;f725a43a981fae3ffa71e1c91772ff7c7e2117e0;f6dcb47d4e40985956f75ab0dbb4acde6c5af857","local-cst-edits-still-scan-whole-stream"
14,"2026-08-15-0328-m14-release-closure","2026-08-15 — Schema preflight stopped rehashing integer identities","fixed","Codex","4b1820c301b6b4b21252ecbe4f4963524d1cb24f;2ff093845d5020d161fe01c3d074b5b187e4a531","schema-preflight-rehashes-internal-fingerprints"
15,"2026-08-15-0547-m14-release-closure-final","2026-08-15 — Failed canonical retargets suppress stale authority","fixed","Codex","1d296a658dadac34976179ae91d0708097294e59","failed-canonical-retarget-keeps-stale-confirmed-authority"
15,"2026-08-15-0547-m14-release-closure-final","2026-08-15 — Benchmark summary references only live jobs","fixed","Codex","4efaf7836f8a0d65e0e94a5cbe3fb3dc21ee09fb","benchmark-summary-depends-on-deleted-jobs"
15,"2026-08-15-0547-m14-release-closure-final","2026-08-15 — Benchmark actions use immutable revisions","fixed","Codex","c4b9e69196c5745b10620506ef43d9d0eaba299d;d98afe149dba3129fd83645082641034fe06d4d7","benchmark-workflow-actions-use-mutable-references"
16,"2026-08-15-0644-m14-release-closure-clean","2026-08-15 — Unresolved retries replace stale requested caches","fixed","Codex","6035253280b19620370bd5d07a001f1a59b052be;fc3c1b2a5289ab809a47b0d376a42a36337975c6","unresolved-schema-retry-can-hit-stale-requested-cache"
17,"2026-08-15-0719-m14-release-closure-clean","2026-08-15 — Source-generation identity governs schema-derived caches","fixed","Codex","4805a0307e6693b401bfa86495f7f5f9b1d7341e;a3027ea3e5ec6af53abe0c9e94fc56527dcbc9bd;47de6ca241f2226f0a1bcd9c59b2d9bf28a08a5f;a9889da2bfd9e8091e4f0f0f1285dff86ed7fbe5;ee9a6c0e2bb5c9a455ebfa74411089658012e6bc;79c2cdcfbdbae0e50d183bc785f49777cd89784a;48b90d915fa87fe8485f09af02ebf5f234f4020d;17e4bc19d2f49d692969d1eceaf7aa58853f409d;79f5c427a653672aa44e28132bb38f5c4468d098","schema-derived-caches-omit-source-generation"
17,"2026-08-15-0719-m14-release-closure-clean","2026-08-15 — Forced retargets replace stale requested navigation authority","fixed","Codex","571fa7165f4fd92b5220751a764b6ab055339c29;a65b24f3083ec1e1d7ce59c2c2ae9c1b8d4c079b;ef2c66b2b60729e1f55b439768756e3e2cf50e28;2d83088600994e8ea0195e58eeb80dee0e2ba3f4;a31dafadeab8ba64f42e6bb9052bc6b1f99b7253;bc6a39541528fefcf170ca8b209d60dc470fbbd5;d06b5941290d0f66f330021bc08e1196964b0b82;8084c7c13b4bbf3ec51af01990ea83dc7a947df9","forced-schema-retarget-keeps-stale-requested-navigation"
19,"2026-08-16-06-pre-release-full","2026-08-16 — Enforce query depth during path updates","fixed","Codex","728723ccc75b9bdd8cd1d102486bee685127e63c","query-setpath-depth-bypass"
19,"2026-08-16-06-pre-release-full","2026-08-16 — Make query deep merge iterative","fixed","Codex","717f0c16771303277918314caccbcfc6980c4d50","query-deep-merge-overflow"
19,"2026-08-16-06-pre-release-full","2026-08-16 — Make query containment iterative","fixed","Codex","b0b6bf67bb1217f2545fbe951a2a41f42a32e1cc","query-contains-overflow"
19,"2026-08-16-06-pre-release-full","2026-08-16 — Make query value traits iterative","fixed","Codex","2d9dc0074ad78e42e70e198d81c441d988cd0c60","query-eq-cmp-hash-overflow"
19,"2026-08-16-06-pre-release-full","2026-08-16 — Complete the single-dependency facade","fixed","Codex","871f4a70fd23d533cf4ccfe62b62ee54f51e1659","facade-incomplete-reexports;cst-unreachable-through-facade;emitter-missing-error-reexport"
19,"2026-08-16-06-pre-release-full","2026-08-16 — Make the language server an explicit feature","fixed","Codex","2c4f8fb477a3662fdabef089c630d91fa4883001","lsp-unconditional-dependency;feature-matrix-tests-nothing"
19,"2026-08-16-06-pre-release-full","2026-08-16 — Add an end-to-end network-free feature graph","fixed","Codex","49b202de265861397b916e46371ff1b9c5d2fcb9","no-network-free-build"
19,"2026-08-16-06-pre-release-full","2026-08-16 — Verify facade documentation at the consumer boundary","fixed","Codex","e4ac9d3c025d8dd271ea0aff740e73a544b76fb1;bb4228e64bdfecaffb0d4fecbd0404dc7fef9333","readme-examples-not-verified;resolve-crate-undocumented;thin-docs-user-facing-crates"
19,"2026-08-16-06-pre-release-full","2026-08-16 — Prepare schema selection globs once","fixed","Codex","6d4fe057faa24eb1ec492d47715cb44df2bfca54","glob-compiled-per-call"
19,"2026-08-16-06-pre-release-full","2026-08-16 — Share immutable schema graph values","fixed","Codex","86529ae4dce58e71b4ba3965e00da3d8ddf07299","schema-clone-per-bfs-node;schema-cloned-twice-per-resource;compile-clones-entire-graph"
19,"2026-08-16-06-pre-release-full","2026-08-16 — Remove duplicate anchor namespace storage","fixed","Codex","9790d086a529e3ed18169de2b7f3cdc168590c32","anchors-duplicate-set-clone"
19,"2026-08-16-06-pre-release-full","2026-08-16 — Borrow navigation type values","fixed","Codex","fc3bbd707c9f7d715a24070887f0e28a5278e661","navigation-boxed-iterator"
19,"2026-08-16-06-pre-release-full","2026-08-16 — Contain request-worker panics","fixed","Codex","9cedc15acee799bf96c7d4c2d5ab6b9c43a7cc5d","worker-panic-orphans-request"
19,"2026-08-16-06-pre-release-full","2026-08-16 — Bound notification cache waits","fixed","Codex","2c08806cbc395e710db223fe0710304fc7ff4e32","untimed-condvar-main-loop"
19,"2026-08-16-06-pre-release-full","2026-08-16 — Share immutable LSP request snapshots","fixed","Codex","225c096cd55ba5147c22925a23087a9ba7441b38","server-deep-clone-per-request"
19,"2026-08-16-06-pre-release-full","2026-08-16 — Name emitter layout parameters","fixed","Codex","013b9b94d7cc25c19c232437729c1f9d5c518558","emit-parameter-order-inconsistency"
19,"2026-08-16-06-pre-release-full","2026-08-16 — Name LSP diagnostic origins","fixed","Codex","65b5aee41a7bde99732e0ca7f4400df550e1f78b","lsp-diagnostic-bare-string-params"
19,"2026-08-16-06-pre-release-full","2026-08-16 — Type LSP authority counters","fixed","Codex","7bd1a553b2c1cdfa44b39437fc3dc450799ffa56","server-monotonic-counter-no-newtype"
19,"2026-08-16-06-pre-release-full","2026-08-16 — Name schema traversal limits","fixed","Codex","9c6069aaa0704b7bc310ed73bc603dbe0dec8826","schema-budget-params-no-newtype;schema-limits-no-newtype"
19,"2026-08-16-06-pre-release-full","2026-08-16 — Borrow transient source inputs compatibly","fixed","Codex","fa4ea99a09e615a6f70988f496e7fe56442ecba3;811bbe28d234a7045aa979bd5d80846709c9ab69","incremental-text-range-owned-param;definition-insert-resource-string-param"
19,"2026-08-16-06-pre-release-full","2026-08-16 — Extend query depth enforcement through value remapping","fixed","Codex","6c57a8ecf8e87fae402bc266ffeb56d507b2dec9",""
19,"2026-08-16-06-pre-release-full","2026-08-16 — Complete bounded notification schema work","fixed","Codex","d13fdf537901b318af5128be6e954af323fc85fa;e16d504b413d1ac17669a126cf7a3b2867850ed7;67fcc8195d82bebf42e23c076ca41e2be3222b4e",""
19,"2026-08-16-06-pre-release-full","2026-08-16 — Share targeted request dependency inventories","fixed","Codex","c2a97e7b729906352af8a096ae554f905b63717e",""
19,"2026-08-16-06-pre-release-full","2026-08-16 — Preserve exact source-input APIs with borrowed fast paths","fixed","Codex","459a98ab1896d0fcc70f3f0d806409688a2af6cc;5bbb4ea793c7f6aaefba0424d6979cccb4793dbb",""
20,"2026-08-16-21-m14-pre-release","2026-08-16 — Make network access explicitly opt in","fixed","Codex","04912b458ad7b446f79a15f802308c4f87377870","http-network-stack-enabled-by-default;hollow-http-default-in-forwarding-crates;http-feature-undocumented"
20,"2026-08-16-21-m14-pre-release","2026-08-16 — Make scanner blank-line lookahead linear","fixed","Codex","99f1529dcb0f3703b6294240827b9a6380b68807","scanner-peek-at-quadratic-lookahead"
20,"2026-08-16-21-m14-pre-release","2026-08-16 — Deduplicate composed mappings once","fixed","Codex","bfc53f5565e0e521e98da5caba5668302a488d40","compose-insert-pair-quadratic-dedup"
20,"2026-08-16-21-m14-pre-release","2026-08-17 — Terminate scanning after directive errors","fixed","Codex","84650306c23a79d2cc0ba940575a7ee5bcb91fe4","scanner-directive-error-bypasses-terminal-state"
20,"2026-08-16-21-m14-pre-release","2026-08-16 — Derive scalar flags in one content pass","fixed","Codex","f0515177dfbf5ea22315bfe8eaf8203b1c51875f","scanner-scalar-flags-multi-pass"
20,"2026-08-16-21-m14-pre-release","2026-08-16 — Materialize quoted scalars only when needed","fixed","Codex","534ec708f4a920dc676caf7b18376f6d222f11d8","quoted-scalar-builds-then-discards-string"
20,"2026-08-16-21-m14-pre-release","2026-08-16 — Compact CST layout lookup construction","fixed","Codex","57c08d5571d7436f88b2ef12605757f4ed0e7bcd","layout-index-double-hash-and-per-node-vec"
20,"2026-08-16-21-m14-pre-release","2026-08-16 — Reserve CST text reconstruction buffers","fixed","Codex","be62287581f18e24977a0aa31c3bec3b0a83259b","cst-to-text-no-capacity"
20,"2026-08-16-21-m14-pre-release","2026-08-16 — Defer scalar indexes for small mappings","fixed","Codex","780fe04a44b6b8e64a791a3d18d0e78ca7a80983","mapping-scalar-index-unconditional"
20,"2026-08-16-21-m14-pre-release","2026-08-17 — Share composed anchor subtrees until publication","fixed","Codex","502d7355ef1fc05152448b5e32c8bac76c28fb06","compose-anchor-deep-clone"
20,"2026-08-16-21-m14-pre-release","2026-08-17 — Make unchecked composition stack safe","fixed","Codex","5ea716b44150074a059bf2af87f60ea97134e61e","unbounded-compose-recursion-stack-overflow"
20,"2026-08-16-21-m14-pre-release","2026-08-17 — Make resource limits trivially copyable","fixed","Codex","2e47e2630f546ba75616b6d2764ae45e0a552d6c","resource-limits-clone-not-copy"
20,"2026-08-16-21-m14-pre-release","2026-08-17 — Expose small accessors to downstream inlining","fixed","Codex","f6ef9d999827fdfe1df2a9271dee435b438935f3","no-inline-on-cross-crate-accessors"
20,"2026-08-16-21-m14-pre-release","2026-08-17 — Bound nested-flow simple-key purging","fixed","Codex","a9dacba9281d3c4dceb054d83c10a56d1670d546","quadratic-simple-key-purge-dos"
20,"2026-08-16-21-m14-pre-release","2026-08-17 — Make filesystem walk dispatch exhaustive","fixed","Codex","d27511ba407be7a72c9ff90147d992a9e6796127","bare-unreachable-in-file-retriever-walk"
20,"2026-08-16-21-m14-pre-release","2026-08-17 — Make HTTP retrieval waits cooperative","fixed","Codex","3772991c134fa90a0a0b87da3ed0e417804cec31","non-preemptible-serialized-http-retrieval"
20,"2026-08-16-21-m14-pre-release","2026-08-17 — Reject overlapping JSON-RPC request IDs","fixed","Codex","407e7d0a322a5760368c6600eeba42b2fd0d454c","displaced-request-id-never-answered"
20,"2026-08-16-21-m14-pre-release","2026-08-17 — Make source snapshot lock order explicit","fixed","Codex","48e5be7f97c75d251e83d4dff32dc1663390c77b","undocumented-nested-lock-order-in-source-snapshot"
20,"2026-08-16-21-m14-pre-release","2026-08-17 — Unify the resolver policy entry point","fixed","Codex","0a745c0ff994ba8bd52b7bc0963a4d3ca3f04425","resolver-required-method-never-called-forces-per-event-config-clone"
20,"2026-08-16-21-m14-pre-release","2026-08-17 — Unify configurable parse entry points","fixed","Codex","0259b5b5941b2f59668b3cda0f9cc23fd7bfc997","combinatorial-entry-point-explosion"
20,"2026-08-16-21-m14-pre-release","2026-08-17 — Reconcile duplicate resource-limit finding","fixed","Codex","2e47e2630f546ba75616b6d2764ae45e0a552d6c","resource-limits-missing-copy-derive"
20,"2026-08-16-21-m14-pre-release","2026-08-17 — Make discovery counts explicit","fixed","Codex","c82c344a03b3a5f25951ca9767da906bd2f3e5a0","discovery-result-deref-leaks-representation"
20,"2026-08-16-21-m14-pre-release","2026-08-17 — Expose LSP snapshot copy boundaries","fixed","Codex","84f60263047674adf3123796616fa27e8fb0db69","server-derefmut-hides-copy-on-write-clone"
20,"2026-08-16-21-m14-pre-release","2026-08-17 — Default resolution policy components safely","fixed","Codex","4ac5792bb1dc5bfed0f8e77629b5fdbbf486be65","policy-structs-missing-derivable-default"
20,"2026-08-16-21-m14-pre-release","2026-08-17 — Make configuration surfaces extensible","fixed","Codex","4e8e771682b0eb4f7cebc28d894cf10823757d85","config-structs-lack-non-exhaustive"
20,"2026-08-16-21-m14-pre-release","2026-08-17 — Make schema validation explicitly opt in","fixed","Codex","7e5c5c6ff4049703500d359ff38f5e488035f1a9","schema-validation-not-feature-gated"
20,"2026-08-16-21-m14-pre-release","2026-08-17 — Complete the fuzz non-exhaustive migration","correction","Codex","9ce6e232412e5c2b4fb542812b4bfe4c119dda88","config-structs-lack-non-exhaustive"
20,"2026-08-16-21-m14-pre-release","2026-08-17 — Replace the asynchronous HTTP bridge","fixed","Codex","8f4b5593794cd71f0a350d9df7b9f9a2ea7e1217","tokio-runtime-for-blocking-http-fetch"
20,"2026-08-16-21-m14-pre-release","2026-08-17 — Parse CLI configuration with Yamalgam","fixed","Codex","fa7b8de2c20efeddbac1a4b00909633b6d37b67b","second-yaml-parser-shipped-for-config"
20,"2026-08-16-21-m14-pre-release","2026-08-17 — Decode UTF-16 with the standard library","fixed","Codex","130d9e4d78b6695384d50e46c20cee68bcf94458","encoding-rs-for-two-utf16-constants"
20,"2026-08-16-21-m14-pre-release","2026-08-17 — Refresh the fuzz scanner dependency lock","correction","Codex","25ff3444144ab7e1c4a7645e52d43345d69f69f3","encoding-rs-for-two-utf16-constants"
20,"2026-08-16-21-m14-pre-release","2026-08-17 — Allow jsonschema patch updates","fixed","Codex","0ad4e103d91968abd3b5221d9fb21f3d565e049d","jsonschema-exact-version-pin"
20,"2026-08-16-21-m14-pre-release","2026-08-17 — Centralize workspace dependency policy","fixed","Codex","9c96df086d4784c650ed7b09294f3aaba456ecb8","no-workspace-dependency-table"
20,"2026-08-16-21-m14-pre-release","2026-08-17 — Update Yamalgam's direct Base64 consumers","fixed","Codex","2392a384d68c9a08df1738e70637d03b7dca35bf","base64-major-version-lag"
20,"2026-08-16-21-m14-pre-release","2026-08-17 — Refresh the fuzz Base64 dependency lock","correction","Codex","2c6cdb4c98b5abe665109b79d934e455bb2e496a","base64-major-version-lag"
20,"2026-08-16-21-m14-pre-release","2026-08-17 — Prune unused global license allowances","fixed","Codex","0d2c093992f97a287b22eae474a851f319d06346","deny-policy-preapproves-openssl-license"
20,"2026-08-16-21-m14-pre-release","2026-08-17 — Enforce dependency version policy","fixed","Codex","f8b1b752d8951b0e7354ee7b99561f8a90da72ca","duplicate-version-gate-never-fails"
20,"2026-08-16-21-m14-pre-release","2026-08-17 — Pin libyaml-safer's packaged MIT license","fixed","Codex","ba8c08501347ee085c7680b9a3ea2d612c544e70","libyaml-safer-missing-license-field"
20,"2026-08-16-21-m14-pre-release","2026-08-17 — Expose complete native API namespaces","fixed","Codex","2d8922b8fce2a071533f408e9a409dc2354bfcb3","facade-omits-core-emit-serde-namespaces"
20,"2026-08-16-21-m14-pre-release","2026-08-17 — Expose configurable tag resolution","fixed","Codex","5a0a79a280c358994472417a878feae417bc2a7a","library-cannot-select-tag-resolution-schema"
20,"2026-08-16-21-m14-pre-release","2026-08-17 — Bound configured reader deserialization","fixed","Codex","5936e5b4cbaa5189d0fffde5ce6fb0f184ea5f74","from-reader-cannot-tighten-loader-config"
20,"2026-08-16-21-m14-pre-release","2026-08-17 — Require Debug on public entry points","fixed","Codex","902439e568438c095c8192c391d1aba76ad096b9","missing-debug-on-public-entry-points"
20,"2026-08-16-21-m14-pre-release","2026-08-17 — Configure complete docs.rs builds","fixed","Codex","cdf70a17945da86799f18fe73e72d92ecd5fba81","no-docsrs-metadata"
20,"2026-08-16-21-m14-pre-release","2026-08-17 — Name YAML validation output explicitly","fixed","Codex","25ee479ec9251e7ae7bf38a0daa24b7fbe7d319d","validate-report-yaml-only-under-text-format"
21,"2026-08-17-07-pre-release-m14","2026-08-17 — Correct nested boundary-comment ownership","fixed","Codex","d1b95cb1ccb68be72d2c9b331825264bba647436","layout-range-overlap;planner-deletes-comments;comment-ownership-mismatch"
21,"2026-08-17-07-pre-release-m14","2026-08-17 — Export scalar presentation types","fixed","Codex","0ff753fc809b49b404e942cc5315909433b252ad","scalar-types-unreachable"
21,"2026-08-17-07-pre-release-m14","2026-08-17 — Reject a lossy parser-event conversion","disputed","Codex","","event-no-parse-back-bridge"
21,"2026-08-17-07-pre-release-m14","2026-08-17 — Align LSP schema behavior and setup examples","fixed","Codex","f66f897874d80bdaceab355e54f45071293ff911","lsp-doc-schema-paths-incoherent;lsp-missing-root-silences-features;lsp-type-aware-completion-not-implemented;lsp-schema-uri-bare-path"
21,"2026-08-17-07-pre-release-m14","2026-08-17 — Defer upstream base64 convergence","deferred","Codex","","transitive-base64-duplicate"
22,"2026-08-17-11-pre-release-m14","2026-08-17 — Network-free query runtime construction became const","fixed","Codex","a9c5dbdf898ac786da8a59dd319f71a7fad46dc7","missing-const-fn-clippy"
22,"2026-08-17-11-pre-release-m14","2026-08-17 — Rejected glob and UTF-16 input retained exact details","fixed","Codex","5a3ef0918e48eac043e100b0a507faa1108b8b53","glob-error-detail-lost;utf16-decode-error-loses-surrogate"
22,"2026-08-17-11-pre-release-m14","2026-08-17 — Invalid UTF-8 tag escapes fail closed","fixed","Codex","a4aeb1289c47bed8981cb394e7d9fee78d143201","tag-decode-silent-fallback"
22,"2026-08-17-11-pre-release-m14","2026-08-17 — Dependency snapshots propagate confirmed alias cycles","fixed","Codex","8202a1afa51e29970daffca75ac06598d6a4359c","alias-cycle-swallowed"
22,"2026-08-17-11-pre-release-m14","2026-08-17 — Filesystem path failures retain their I/O sources","fixed","Codex","2fde721a68e30ed60d5a97f60cd5df56aed5ebe4","io-error-context-lost"
22,"2026-08-17-11-pre-release-m14","2026-08-17 — Scanner indentation preserves the full column domain","fixed","Codex","afbc81fa5e2aacde716c99f417f55990e72afb0f","u32-to-i32-column-cast"
22,"2026-08-17-11-pre-release-m14","2026-08-17 — Scanner positions and direct input limits fail closed","fixed","Codex","72cd0d034def734edc8e9ec80057282c50e33ded","u32-column-counter-overflow"
22,"2026-08-17-11-pre-release-m14","2026-08-17 — Rowan CST projection uses an explicit work stack","fixed","Codex","07d19be524894435d76e35d931d31097d9fd9b71","unbounded-cst-build-recursion"
22,"2026-08-17-11-pre-release-m14","2026-08-17 — Unchecked loader entry points state the caller contract","fixed","Codex","f71a95b66e19457f4299b135687e4a6596865f92","depth-guards-bypassable"
22,"2026-08-17-11-pre-release-m14","2026-08-17 — Atomic update replacement is unavailable at the project MSRV","disputed","Codex","c96948216d92c87e585ca6a3cd6e73ac361ef9ea","fetch-update-deprecated"
22,"2026-08-17-11-pre-release-m14","2026-08-17 follow-up — Rust 1.95 enables the atomic update replacement","fixed","Codex","28a61d22cd07e7f557e453d2dec60ed402fe7e64","fetch-update-deprecated"
23,"2026-08-17-14-full-repo","2026-08-17 — Keep shipped configuration templates loadable","fixed","Codex","dcb7f0040bfd788c2dbd997981c52a3768767465","default-build-rejects-shipped-config-template"
23,"2026-08-17-14-full-repo","2026-08-17 — Surface configuration discovery I/O failures","fixed","Codex","76aad94292bfeb079087cdd5cce5d530f89b1680","config-discovery-discards-filesystem-errors"
23,"2026-08-17-14-full-repo","2026-08-17 — Preserve typed scratch allocation failures","fixed","Codex","cce067c848d31a9432a61b737aabdf9eff3e37ae","scratch-allocation-error-loses-typed-variant"
23,"2026-08-17-14-full-repo","2026-08-17 — Bound LSP request admission","fixed","Codex","bf08b1f8061dac64ec1f4fe1bd2bfd718c5c9daf","unbounded-lsp-request-queue"
23,"2026-08-17-14-full-repo","2026-08-17 — Bound controlled HTTP worker lifetime","fixed","Codex","558990521c252365e3fff940c0a5465ecd4fbb64","cancelled-http-fetches-accumulate-threads"
23,"2026-08-17-14-full-repo","2026-08-17 — Make resolution handles opaque","fixed","Codex","012b7dd29f38b69178ca32ce8863dbd50e6ede19","resolution-handle-exposes-refcell-borrow-panics"
23,"2026-08-17-14-full-repo","2026-08-17 — Update only changed LSP document slots","fixed","Codex","c02baf3a945ddf087e36c209c1ed117531025448","lsp-change-batch-clones-all-document-slots"
23,"2026-08-17-14-full-repo","2026-08-17 — Share located navigation documents","fixed","Codex","8b93779379def2ec0c75d71723c022d2866c6cff","schema-navigation-deep-clones-located-documents"
23,"2026-08-17-14-full-repo","2026-08-17 — Share schema dependency graph lookups","fixed","Codex","e546e6d9bb0150991025e734502a7c96944e2904","schema-dependency-lookup-deep-clones-graphs"
23,"2026-08-17-14-full-repo","2026-08-17 — Borrow schema compilation options","fixed","Codex","6a7e4787b65395ba2aa465ebbcbd867f879e7ea6","schema-compile-consumes-read-only-options"
23,"2026-08-17-14-full-repo","2026-08-17 — Reserve query sequence capacity hints","fixed","Codex","a997eee458468a8e05c064bfbdcb3d0d7789de54","query-sequence-capacity-hints-discarded"
23,"2026-08-17-14-full-repo","2026-08-17 — Use fast hashing for source identity reconciliation","fixed","Codex","ce0038d1aaecd87e8f7fb054a60841fbd35fb81e","splice-origin-index-uses-siphash-for-internal-ids"
23,"2026-08-17-14-full-repo","2026-08-17 — Expose the scanner facade's primary API","fixed","Codex","c5f1147efad3d2f5221bd261fab6fe9b4c31f720","scanner-facade-omits-primary-entry-point"
23,"2026-08-17-14-full-repo","2026-08-17 — Correct remote include documentation","fixed","Codex","d5febe36c6782e2d8b05befba8e693a5b7c2527a","getting-started-promises-unsupported-http-includes"
23,"2026-08-17-14-full-repo","2026-08-17 — Document panic payload containment","fixed","Codex","e6e914e72a510d157f04265ab7130ee1fb0a6591","undocumented-panic-payload-forget"
23,"2026-08-17-14-full-repo","2026-08-17 — Account for deep test fixture lifetimes","fixed","Codex","c79f77a4ab47bf5c2367001e1160f7ce82cda4dd","undocumented-deep-fixture-forgets"
23,"2026-08-17-14-full-repo","2026-08-17 — Preallocate CLI variable bindings","fixed","Codex","88c74fd670d7547d50d28279462aea9dc947287c","bound-variable-vectors-lack-known-capacity"
23,"2026-08-17-14-full-repo","2026-08-17 — Defer the Librebar CLI feature split","deferred","Codex","","librebar-cli-feature-compiles-unused-generators"
24,"2026-08-17-18-m14-pre-release","2026-08-17 — Typed UTF-16 source positions","fixed","Codex","268b44999dd5712a493921dbb5f789c23db79dda","utf16-position-uses-raw-tuples"
24,"2026-08-17-18-m14-pre-release","2026-08-17 — Borrowed Rope-backed definition scanning","fixed","Codex","dd17dd293f5bd3b741e6019283c92cdfe567fd97","lsp-definition-per-line-rope-materialization"
25,"2026-08-17-20-m14-pre-release","2026-08-17 — Disabled resolution retains no redundant ownership","fixed","OpenAI Codex","3e246947d645300cb622cc7a4c15fe7b22da4353","disabled-resolution-deep-clones-root-document;session-query-resolver-duplicates-loader-config"
25,"2026-08-17-20-m14-pre-release","2026-08-17 — Schema graph ancestry uses shared prefixes","fixed","OpenAI Codex","04dacde90268fd78d399385acdea2871c33b7e7c","schema-graph-preload-clones-ancestor-path-per-edge"
25,"2026-08-17-20-m14-pre-release","2026-08-17 — Schema child traversal writes directly to the work stack","fixed","OpenAI Codex","0d8d3d2e819297d1e90c64b8ac4c196e2b118e1c","schema-traversal-allocates-child-buffer-per-node"
25,"2026-08-17-20-m14-pre-release","2026-08-17 — Navigation cursors share schema identity strings","fixed","OpenAI Codex","68766e7db4a816fb37db7578fc786aac786eaa05","schema-context-expansion-clones-cursor-state"
25,"2026-08-17-20-m14-pre-release","2026-08-17 — Completion reserves its known result cardinality","fixed","OpenAI Codex","4c30295630f6dcf505024ead347cd1af0a4054bc","completion-items-grow-without-known-capacity"
25,"2026-08-17-20-m14-pre-release","2026-08-17 — Successful alias lookup keeps borrowed scanner text","fixed","OpenAI Codex","4be2f61fa4b1cb86d122cfa28d9cb3a72ac0cae9","compose-alias-lookup-eagerly-owns-name"
25,"2026-08-17-20-m14-pre-release","2026-08-17 — Doctor diagnoses the active log target","fixed","OpenAI Codex","73ae2363bb203db38f40bdefd4e493227e5fd990","doctor-checks-unrelated-log-directory"
26,"2026-08-17-21-m14-pre-release-rerun","2026-08-17 — Query identity traversal is bounded and stack safe","fixed","OpenAI Codex","3698b619964e401d07e9388aafd59fb56601f47a","query-identity-inventory-recurses-without-depth-bound"
26,"2026-08-17-21-m14-pre-release-rerun","2026-08-17 — Schema semantic digests are iterative","fixed","OpenAI Codex","0f392949606cba76eec4189f67c68b7bafbbd9c7","schema-semantic-digest-recurses-without-depth-bound"
26,"2026-08-17-21-m14-pre-release-rerun","2026-08-17 — In-memory retrieval shares resource payloads","fixed","OpenAI Codex","7b54a02fc0a6eb1311675d62dd12bcf8441b8097","memory-retriever-deep-clones-resource-bytes"
26,"2026-08-17-21-m14-pre-release-rerun","2026-08-17 — Incremental LSP edits borrow replacement text","fixed","OpenAI Codex","9f4f74d8f1b98f28d616ade1a7c3ec6b10f068ab","lsp-edits-clone-replacement-text"
26,"2026-08-17-21-m14-pre-release-rerun","2026-08-17 — Scanner lookahead inspects prefixes once","fixed","OpenAI Codex","6788edf4c671c563276a5d22886808a07ec596c9","scanner-lookahead-rescans-prefix-quadratically"
26,"2026-08-17-21-m14-pre-release-rerun","2026-08-17 — Emitter mapping keys reuse event storage","fixed","OpenAI Codex","b9b0088e4294944c52ba63a708874fa9781dc645","emitter-reallocates-key-event-buffer-per-entry"
26,"2026-08-17-21-m14-pre-release-rerun","2026-08-17 — LSP pointers are constructed in place","fixed","OpenAI Codex","dcc61ec0c28f16cdecf385f9800faf310caca554","lsp-pointer-construction-copies-prefixes"
26,"2026-08-17-21-m14-pre-release-rerun","2026-08-17 — Navigation reuses request-local traversal scratch","fixed","OpenAI Codex","a893c2878ee96ac2600ccb63287dab3acaf5c844","schema-navigation-recreates-traversal-scratch"
26,"2026-08-17-21-m14-pre-release-rerun","2026-08-17 — CST comment offsets use the integer hasher","fixed","OpenAI Codex","e858c71bd928c5fe82422be90e1d9f32f3268ab7","cst-comment-offsets-use-siphash"
26,"2026-08-17-21-m14-pre-release-rerun","2026-08-17 — TOML enables only parsing features","fixed","OpenAI Codex","eb86d9d4aacb0f5a1d75db60450674ddb8d73df7","toml-default-display-feature-unused"
26,"2026-08-17-21-m14-pre-release-rerun","2026-08-17 — Event compliance claims report measured outcomes","fixed","OpenAI Codex","4450f2a02bd183680ec47a454d983e37e55f93f9","event-compliance-claim-exceeds-known-results"
26,"2026-08-17-21-m14-pre-release-rerun","2026-08-17 — Remote schema docs include the HTTP feature","fixed","OpenAI Codex","c563dfe46735923309fffb184a20ea59d0021e89","remote-schema-guide-omits-http-feature"
26,"2026-08-17-21-m14-pre-release-rerun","2026-08-17 — Environment configuration overlays are documented","fixed","OpenAI Codex","949f7c87d4be0882a4047e2305d3455a3f108a6c","configuration-environment-overlay-undocumented"
26,"2026-08-17-21-m14-pre-release-rerun","Verification","","","",""
27,"2026-08-17-23-pre-release-verify","2026-08-18 — Bound parser convenience constructors","fixed","OpenAI Codex","0861c3564d13a49c48092b14e23a3ac7737ed8fc","parser-default-constructors-disable-all-resource-limits"
27,"2026-08-17-23-pre-release-verify","2026-08-18 — Make CST recovery span shifting iterative","fixed","OpenAI Codex","8ab6ced4b3c6d50ad99809c603e7b7c3bcf606f3","cst-recovery-span-shift-walks-the-native-stack"
27,"2026-08-17-23-pre-release-verify","2026-08-18 — Unify controlled retrieval and published ownership APIs","fixed","OpenAI Codex","2eeac07e3f45b90ac65a3a77fcb267c10e098047","retriever-shared-override-bypassed-under-control;owned-and-borrowed-api-pairs-frozen-at-publish;retrieval-control-hidden-from-docs"
27,"2026-08-17-23-pre-release-verify","2026-08-18 — Re-export third-party public API types","fixed","OpenAI Codex","4f524f90746af13565b6d849889a4194b9f9b676","public-third-party-types-without-reexport"
27,"2026-08-17-23-pre-release-verify","2026-08-18 — Seal LSP document snapshot invariants","fixed","OpenAI Codex","2f676ee1fbb07315a149beb6182107b51f01f5ea","lsp-document-state-exposes-mutable-derived-state"
27,"2026-08-17-23-pre-release-verify","2026-08-18 — Make public enums evolution-safe","fixed","OpenAI Codex","660d86c7c2d85f6e72f10ee026ffc8677d04d4e4","public-error-enums-missing-non-exhaustive;token-class-exhaustive-across-downstream-trait"
27,"2026-08-17-23-pre-release-verify","2026-08-18 — Hash semantic collection boundaries","fixed","OpenAI Codex","b6053152652c112a4d23c2ea26a819351ec5afd2","schema-semantic-digest-omits-collection-boundaries"
27,"2026-08-17-23-pre-release-verify","2026-08-18 — Contain notification panics","fixed","OpenAI Codex","61a24f15f1d25cb3ca55ca7a47d04631eef7ce79","lsp-document-notifications-bypass-panic-isolation"
27,"2026-08-17-23-pre-release-verify","2026-08-18 — Return incremental construction failures","fixed","OpenAI Codex","a041a9d89c6c5b142d55841ef0adcb00eb153cf0","incremental-document-new-asserts-instead-of-returning"
27,"2026-08-17-23-pre-release-verify","2026-08-18 — Saturate streaming input limits safely","fixed","OpenAI Codex","91ea7c15147d0f5ee602a536f078912f1c49308e","input-size-limit-arithmetic-overflows-at-usize-max"
27,"2026-08-17-23-pre-release-verify","2026-08-18 — Bound public schema-session waits","fixed","OpenAI Codex","1e8cf7974f8f2082c576a284d5f0a2badfacb159","unbounded-condvar-wait-on-public-schema-session-path"
27,"2026-08-17-23-pre-release-verify","2026-08-18 — Dispatch notification diagnostics off the LSP loop","fixed","OpenAI Codex","a129d9f00e3302960057fcd63b387ebd28f130da","lsp-main-loop-blocks-30s-on-notification-diagnostics"
27,"2026-08-17-23-pre-release-verify","2026-08-18 — Detach abandoned HTTP fetches","fixed","OpenAI Codex","e5d387671cdf644eb86f9f43dbad2252a3c7d25d","http-fetch-pool-drop-joins-abandoned-fetches"
27,"2026-08-17-23-pre-release-verify","2026-08-18 — Validate LSP request resources incrementally","fixed","OpenAI Codex","513379496b6845dcf8d9a54e5a80873693f8849b","lsp-resource-currency-check-is-quadratic-per-request"
27,"2026-08-17-23-pre-release-verify","2026-08-18 — Recycle buffered mapping-key strings","fixed","OpenAI Codex","ade10297103c670ce64d366492cd3a36fe1d7a0a","emitter-allocates-a-string-per-mapping-key"
27,"2026-08-17-23-pre-release-verify","2026-08-18 — Enforce invalid compliance-fixture rejection","fixed","OpenAI Codex","7034f49b1120ed8105264306ebbaef69ebe8a16f","compliance-harness-does-not-assert-invalid-input-rejection"
27,"2026-08-17-23-pre-release-verify","2026-08-18 — Tolerate inactive schema configuration","fixed","OpenAI Codex","4d981d8e660a802c824d4d87c8af97598a4dbfb1","schema-config-keys-break-the-default-build"
27,"2026-08-17-23-pre-release-verify","2026-08-18 — Label network feature requirements","fixed","OpenAI Codex","2deb49f5342dc6a610fe8fd8eccc4a3f03d89955","reference-flags-omit-required-http-feature"
27,"2026-08-17-23-pre-release-verify","2026-08-18 — Include resolved tags in compliance comparison","fixed","OpenAI Codex","7c5bb4bab70efd830b751a4c2f2cc370e55f4a8f","event-compliance-figure-excludes-tag-comparison"
27,"2026-08-17-23-pre-release-verify","2026-08-18 — Back the CST round-trip figure with invalid cases","fixed","OpenAI Codex","84c26738e70eaabcf9c518e623bb2e29542c608f","cst-round-trip-figure-is-stale-and-unbacked"
27,"2026-08-17-23-pre-release-verify","2026-08-18 — Refresh roadmap compliance state","fixed","OpenAI Codex","901b9980b71cb64784a117eba85392ef03234864","roadmap-still-advertises-350-of-351"
27,"2026-08-17-23-pre-release-verify","2026-08-18 — Document Serde mapping divergences","fixed","OpenAI Codex","9fff0877748f4c9846f7091539386206022dc1c7","serde-merge-and-duplicate-key-divergences-undocumented"
27,"2026-08-17-23-pre-release-verify","2026-08-18 — Route public byte inputs through BOM-aware decoding","fixed","OpenAI Codex","bfa98d8dd2c0d73357a5d33e6b7c0058321386b9","utf16-and-utf32-input-unreachable-from-public-api"
27,"2026-08-17-23-pre-release-verify","2026-08-18 — Remove inert SchemaStore settings","fixed","OpenAI Codex","b1bfb6dbf248069c32ed4e80ebabcf008ffafcf8","lsp-server-config-exposes-inert-schemastore-fields"
27,"2026-08-17-23-pre-release-verify","2026-08-18 — Report compiled CLI capabilities","fixed","OpenAI Codex","d978b4ba03a98d9e8b8313f823d60f5d828c2cd7","no-way-to-see-which-cargo-features-are-compiled-in"
27,"2026-08-17-23-pre-release-verify","2026-08-18 — Centralize in-place argument conflicts","fixed","OpenAI Codex","c3b4aee42eac0d43bd3e2399815dc773fe3cc230","in-place-conflict-list-is-incomplete"
27,"2026-08-17-23-pre-release-verify","2026-08-18 — Add incremental-editing fuzz coverage","fixed","OpenAI Codex","b93c3843eb51c5491e44858c11a68d21e8baeadc","incremental-editing-surfaces-are-unfuzzed"
27,"2026-08-17-23-pre-release-verify","2026-08-18 — Expose and census the opt-in native HTTP surface","fixed","OpenAI Codex","d6bb07c","http-feature-is-the-only-native-code-and-build-script-path"
27,"2026-08-17-23-pre-release-verify","2026-08-18 — Defer fleet and upstream dependency work to its owning process","deferred","Clay Loveless and OpenAI Codex","","workspace-keywords-categories-never-inherited;feature-matrix-and-package-check-unenforced;ci-toolchain-overrides-repo-pin;librebar-cli-feature-links-unused-clap-generators;deny-sources-policy-only-warns;rowan-016-pins-rustc-hash-1-and-hashbrown-014;release-binaries-built-with-default-features-only"
27,"2026-08-17-23-pre-release-verify","2026-08-18 — Dispute the reported validate HTTP-gate gap","disputed","OpenAI Codex","49b202de265861397b916e46371ff1b9c5d2fcb9","validate-http-gate-lacks-usage-error"